<?xml version="1.0" encoding="UTF-8" ?>
	<!DOCTYPE sqlMap PUBLIC "-//ibatis.apache.org//DTD SQL Map 2.0//EN"
	   "http://ibatis.apache.org/dtd/sql-map-2.dtd">

<sqlMap namespace="RoleSQL">
	<typeAlias alias="role" type="org.appfuse.model.Role" />

	<select id="getRoleByName" resultClass="role">
		select * from role where
		name=#name#
	</select>

	<insert id="addRole" parameterClass="role">
		insert into role (name,
		description)
		values (#name#, #description#)
	</insert>

	<update id="updateRole" parameterClass="role">
		update role set
		name=#name#, description=#description#
		where id=#id#
	</update>

	<delete id="deleteRole">
		delete from role where name=#name#	
	</delete>
</sqlMap>